channel_title,total_views,total_videos,avg_views
MPL Indonesia,87773477,13,6751805.923076923
Ultimate FC Mobile,53900322,2,26950161.0
CaboomToons,53462562,2,26731281.0
Dannika,49655988,4,12413997.0
Daquavis,45454483,1,45454483.0
„Åó„ÅÜ„Çì,42768611,1,42768611.0
JudeLow,31434585,1,31434585.0
Blockical,30731061,1,30731061.0
ManySpider,29290671,2,14645335.5
Novannist,25374228,1,25374228.0
Forza Taktik,24972872,10,2497287.2
Calce,23581375,1,23581375.0
Elo YT,23215116,1,23215116.0
SENZ GAMƒ∞NG,23212309,16,1450769.3125
Laos,23070080,2,11535040.0
VALORANT,22963549,6,3827258.1666666665
MrBeast Gaming,22702837,1,22702837.0
Ella Toons,22690663,1,22690663.0
Zeus Shorts,22442178,2,11221089.0
MrDuarte XD,21673595,2,10836797.5
DUHIN,21218383,1,21218383.0
Kune Lizave,20223594,3,6741198.0
FIFA,18073756,10,1807375.6
Genshin Impact,18037182,12,1503098.5
PaYuDan,17861753,1,17861753.0
zakkuri24,17643402,2,8821701.0
Mobile Legends: Bang Bang Indonesia,15746589,8,1968323.625
Prime‚Ä¢Abouüè¥,15703775,3,5234591.666666667
Rubill,15701619,1,15701619.0
Matt Zett,14233308,2,7116654.0
ohnepixel raw,14212758,3,4737586.0
Kailexs,14161078,1,14161078.0
Apple Sky Gaming,14133988,1,14133988.0
NexusBliss,14095165,1,14095165.0
BAYU SAPUTRA,14054244,18,780791.3333333334
Power Studios,13675570,1,13675570.0
HellFrozen,13265013,1,13265013.0
Clementdav,13189384,1,13189384.0
#ML2B,12955041,3,4318347.0
Sonaftbl - ùêìùê°ùêû ùêëùêûùêöùê• ùêéùêßùêû,12331640,1,12331640.0
The Driver JZX,12140412,2,6070206.0
Doro44,11962066,6,1993677.6666666667
XeNs,11712860,2,5856430.0
MPL Philippines,11654349,4,2913587.25
Mobile Legends: Bang Bang,11441606,3,3813868.6666666665
Jossoo,10926916,1,10926916.0
Lucky Maker,10833080,1,10833080.0
ProBoiz 95,10800874,2,5400437.0
FxDestroyer TD,10723744,1,10723744.0
Sandal Goib,10007922,1,10007922.0
KamiCH,9807322,1,9807322.0
IShowsdmn,9620986,1,9620986.0
Dyr,9594627,2,4797313.5
Ne Varsa Burada,9536877,1,9536877.0
 Nisharul 00,9340311,3,3113437.0
LISFOX Craft,9136038,1,9136038.0
ùêäùê°ùê´ùê®ùêßùê®ùêùùêûùêÆùê¨,8905078,1,8905078.0
Giuliana Mafra,8702042,1,8702042.0
Dexev,8202346,1,8202346.0
FAI TV,8124773,2,4062386.5
Yoshino,8108903,3,2702967.6666666665
VASU GAMER ,7483547,3,2494515.6666666665
GameScape,7473046,2,3736523.0
Official Investor,7391664,1,7391664.0
MrRelevante,7330015,1,7330015.0
HecticSherlock Gaming,7090600,2,3545300.0
Milo and Chip,7029946,1,7029946.0
YERRIKILLERXD,7010715,1,7010715.0
kettletoro,6934968,4,1733742.0
RedFlaim,6847959,3,2282653.0
Buff Guy,6760026,1,6760026.0
Extr√òx,6714515,1,6714515.0
highkeyhateme,6168845,1,6168845.0
Bl√†d√©ST√òP,6072125,1,6072125.0
BENER FC,5865683,1,5865683.0
Minecraft,5766461,1,5766461.0
Early Bird Gaming,5659705,1,5659705.0
Wemmbu,5511120,1,5511120.0
Vishy FC,5268649,2,2634324.5
Cadres,5250111,1,5250111.0
MoonLight Movie,5237076,1,5237076.0
Revisi Terakhir,5168308,1,5168308.0
Rubius Z,4812271,2,2406135.5
nax fc,4759230,1,4759230.0
Scotland National Team,4688924,1,4688924.0
Dosis de F√∫tbol,4587237,1,4587237.0
Ka Ran ,4533082,1,4533082.0
O7KXI FC ,4483110,1,4483110.0
HoYoFair,4301793,2,2150896.5
Drive RTX,4266508,1,4266508.0
Kuzuha Channel,4236809,3,1412269.6666666667
Ozie & Izan,4186494,2,2093247.0
Studio CI,4132538,1,4132538.0
Goosiest,4084832,11,371348.36363636365
Techno Gamerz,3946181,1,3946181.0
LUCKS GAMES FC,3945020,1,3945020.0
ASTRO PM,3934431,3,1311477.0
Whispers Of Teyvat,3884519,1,3884519.0
No_Tables,3698257,1,3698257.0
MRX Rawan,3629692,3,1209897.3333333333
LKGamerTv,3512993,2,1756496.5
Skyesports,3450595,2,1725297.5
Thejonathon,3415136,2,1707568.0
Futeosidades,3392105,1,3392105.0
MoreCrunch,3268913,1,3268913.0
Fooftly,3165998,1,3165998.0
urnotjustin,3060331,3,1020110.3333333334
Exida Gaming,3047664,1,3047664.0
DANA Indonesia,3004490,1,3004490.0
zsx 686,2942416,1,2942416.0
Vampo,2915570,1,2915570.0
VALORANT Champions Tour,2898817,1,2898817.0
BrodyAnimates,2854840,1,2854840.0
noodle0117,2821512,1,2821512.0
RUN D,2817153,1,2817153.0
Horcus,2702292,2,1351146.0
LuXz FC,2679374,1,2679374.0
teguhprem.,2661847,1,2661847.0
Hera - Age of Empires 2,2647997,15,176533.13333333333
Takumi,2617441,1,2617441.0
Subroza,2591761,2,1295880.5
OJASLAKSAY,2560692,1,2560692.0
Ranking King,2556883,1,2556883.0
Forza,2550885,1,2550885.0
mooda,2508102,2,1254051.0
REDOOM,2466375,1,2466375.0
T90Official - Age Of Empires 2,2416807,11,219709.72727272726
bats6661,2414158,1,2414158.0
The Late Show with Stephen Colbert,2404384,1,2404384.0
CAMIL TV,2384408,1,2384408.0
Ê∏ãË∞∑„Éè„É´,2312419,1,2312419.0
Rizon,2294160,4,573540.0
Outscal,2270412,2,1135206.0
Howlif Petter,2249128,2,1124564.0
Super Auto,2245839,2,1122919.5
KenrioSGx,2223313,1,2223313.0
Yusuf Ahmed,2180979,1,2180979.0
Sasuke Pubg Mobile,2176942,2,1088471.0
ExAtk,2128383,1,2128383.0
Anjal Niroula,2078131,1,2078131.0
Bagong ml,2070984,1,2070984.0
Veera Lifestyle ,2001874,1,2001874.0
hrufj286,1992542,2,996271.0
KINGDOM DTK,1986205,1,1986205.0
VG Magic,1920997,1,1920997.0
Akira Gaming,1872781,1,1872781.0
B√ºnyam,1851322,1,1851322.0
WildLifeEditz,1851287,1,1851287.0
Dattrax Gaming,1783279,4,445819.75
KATSEYE,1773753,1,1773753.0
ULTRAGEARyt,1772543,2,886271.5
MrLowlander,1769110,1,1769110.0
Kinkle,1748696,1,1748696.0
House of Highlights,1744848,1,1744848.0
Merow,1704878,1,1704878.0
PUBG BOX,1674495,2,837247.5
ÌïúÏÑ§,1649851,1,1649851.0
LOVELY VRü•∞,1648939,2,824469.5
Barƒ±≈ü G,1640227,2,820113.5
BranOnline,1630158,1,1630158.0
HAUT_PARLEUR TV ,1623890,1,1623890.0
T Sports,1617300,1,1617300.0
Atrioc,1613850,1,1613850.0
Rayakuzaa,1613055,1,1613055.0
Game House Baixinho,1611131,1,1611131.0
Ï£ºÌèâ,1605686,1,1605686.0
PUBG MOBILE,1585002,1,1585002.0
TEDI,1583713,2,791856.5
euehe,1574805,1,1574805.0
ROBERT PG,1487766,1,1487766.0
Nexa Playz,1467582,3,489194.0
Fahad Gaming,1445051,1,1445051.0
England,1423300,1,1423300.0
Wise Cat Gaming,1421204,1,1421204.0
Xafrel,1392251,1,1392251.0
„É≠„Éº„É¨„É≥„Éª„Ç§„É≠„Ç¢„Çπ / Lauren Iroas„Äê„Å´„Åò„Åï„Çì„Åò„Äë,1391312,1,1391312.0
Syahristani Official,1373113,1,1373113.0
Rulas 47,1358305,1,1358305.0
REEZO GAMES,1351532,1,1351532.0
leoding,1336937,1,1336937.0
Cindy Chira,1332046,2,666023.0
ClipRush,1331923,1,1331923.0
zodEagle,1330132,1,1330132.0
Lazvell,1323175,1,1323175.0
SQ Magic,1301159,1,1301159.0
MPL Malaysia,1287449,1,1287449.0
Keja,1279792,1,1279792.0
Levinho,1248087,2,624043.5
WujuLeashMe,1225301,1,1225301.0
„Éú„Éâ„Ç´ / Riddle - „Ç≤„Éº„É†ÂÆüÊ≥Å,1209692,1,1209692.0
Jeckord Gaming YT,1200812,2,600406.0
Rixkcy,1191415,1,1191415.0
HOYO-MiX - Topic,1168383,1,1168383.0
IND OX,1162865,1,1162865.0
Daily facts ,1151595,1,1151595.0
„Å∂„ÅÑÁ†îÁ©∂ÂÆ§,1151524,1,1151524.0
Pro Lineups Guide,1126279,1,1126279.0
Windah Basudara,1112609,1,1112609.0
BZTV,1068876,1,1068876.0
ROBB PUBG Mobile,1061503,1,1061503.0
O Victor Magalh√£es,1048857,1,1048857.0
Chandra Y,1007562,1,1007562.0
Balta Pubg Mobile,997640,1,997640.0
cutespiders,987665,1,987665.0
Perkovic,968465,1,968465.0
555- SG,960152,1,960152.0
–°–ê–•–ê–†,945790,1,945790.0
Ice Cream Sandwich,939297,1,939297.0
ÂéüÁ•û-Genshin-ÂÖ¨Âºè,923386,1,923386.0
JONBTC JUEGA,919665,4,229916.25
Stenly Wisal,902427,1,902427.0
Teets,892463,1,892463.0
kar98 Army,871982,1,871982.0
REAL TENKO,870112,1,870112.0
The Journey Studio,868863,1,868863.0
Nitret,864674,3,288224.6666666667
PLAY ON GAMING,860577,1,860577.0
knsplash,852346,1,852346.0
Muse Qm,841508,1,841508.0
Tiger is live ,830133,1,830133.0
Howliday,827990,1,827990.0
PUBG MOBILE Esports,818340,1,818340.0
SC Valorant Guides,800140,1,800140.0
AseKut,773246,1,773246.0
Xzret Gaming,756663,1,756663.0
Ajin Driving,750215,1,750215.0
AR12Gaming,744995,2,372497.5
Red Barrels,740375,5,148075.0
Xbox,734518,1,734518.0
Kanga,678871,1,678871.0
Pak sopir,668805,1,668805.0
zbfmmnn,630614,1,630614.0
Nofoqa Nonefo,621389,1,621389.0
AOA Review,607856,1,607856.0
Bus Simulator Mania TV,606836,1,606836.0
Boringness Breaker,589527,1,589527.0
Hellian VALORANT,588029,1,588029.0
TODO EN UNA REACCI√ìN,586461,1,586461.0
Á¥°Êú®„Åì„Åã„Åí,585206,1,585206.0
AJ FAMILY 143,579865,1,579865.0
Manh tien ,544757,1,544757.0
LOS BARCINOS,543171,1,543171.0
dnckf Dan,538175,1,538175.0
Jankoos,529614,1,529614.0
PUBG: BATTLEGROUNDS VIETNAM,528822,1,528822.0
Carlosdesanttana,526637,1,526637.0
LUCREW,515221,2,257610.5
@EL_GOAT_DEL_MADRID,494044,1,494044.0
MR RAWAT GAMING,492629,1,492629.0
THE INDIAN GAMER,485257,1,485257.0
AstroKobi,470144,1,470144.0
AD players AK 47,467552,1,467552.0
LoLzZz Gaming,467460,1,467460.0
Cordiseps V2,458510,7,65501.42857142857
Vural √úz√ºl,456250,1,456250.0
Asyari MH,449725,1,449725.0
eDroidGameplaysTV,448623,1,448623.0
EoOnG Gaming,439503,1,439503.0
hhhpo194,429762,1,429762.0
B7ck,397245,1,397245.0
Oli4NL,389401,1,389401.0
The Drive Right Reviews,383564,1,383564.0
Nhkopf,363877,1,363877.0
Ykgdxhj,362560,1,362560.0
RRaenee,350231,1,350231.0
DVS Squad,342233,1,342233.0
routebus gaming,339496,1,339496.0
GUZNO,332890,1,332890.0
A.R.B Gaming Official ,322330,1,322330.0
allDroid Gaming,318625,1,318625.0
Thiago Reis,313047,2,156523.5
Paluten,309551,1,309551.0
Bulkin,303195,1,303195.0
hung ly,302070,1,302070.0
IsAmU,293629,1,293629.0
RaviPlays,287929,1,287929.0
Bla Bla GamIng,277221,1,277221.0
BreezyByte,276928,1,276928.0
Harux,276727,1,276727.0
YoungKateBishop,265034,1,265034.0
GatoPan,239114,1,239114.0
Zayed Gaming,227778,1,227778.0
–°—Ç–∏–Ω—Ç,214547,1,214547.0
MikeEmpires - Age of Empires II,205922,1,205922.0
 Dodo dva,195460,1,195460.0
Stumble Guys,186563,1,186563.0
IGN,181816,1,181816.0
Fab Rats,178457,1,178457.0
petangames,174608,1,174608.0
HEARTROCKER,160567,1,160567.0
SUV Detective,155903,2,77951.5
Age of Empires,150290,2,75145.0
M4illitary,147349,1,147349.0
REVIROTTO,144706,1,144706.0
F„ÉüralŒ¶Hunt,129919,1,129919.0
JWulen 2,116884,1,116884.0
Mario Ovalle,107350,1,107350.0
Nick AR,105062,1,105062.0
Bono Machan,96517,1,96517.0
NerdScience,88994,1,88994.0
Kardiner,88841,1,88841.0
KEOXER GAMING,85314,1,85314.0
Merpster2000 - Age of Empires 2,76542,1,76542.0
Menos Trece,72927,1,72927.0
MissParanoid,67995,1,67995.0
Conner (DEMO),66949,1,66949.0
mount gameplays,65215,1,65215.0
happyheart,65076,1,65076.0
VicentiN,64672,1,64672.0
Souzones,63204,1,63204.0
Atrioc VODs,62495,1,62495.0
Yellowish,61761,1,61761.0
twosixNC,60135,1,60135.0
Player 94,58636,1,58636.0
Nofoni,57615,1,57615.0
HFY Explorers,56502,1,56502.0
IA IA OH,55330,1,55330.0
PlayStation,51056,1,51056.0
Arcaveli,50713,1,50713.0
MAATT ‚öúÔ∏è,48676,1,48676.0
Gilada,47959,1,47959.0
You,47044,1,47044.0
QASSI,44552,1,44552.0
TheKAIRI78,44364,1,44364.0
MiniCali,43075,1,43075.0
